{
  "project_info": {
    "project_number": "598215006242",
    "project_id": "bigzbeecommerceapp",
    "storage_bucket": "bigzbeecommerceapp.appspot.com"
  },
  "client": [
    {
      "client_info": {
        "mobilesdk_app_id": "1:598215006242:android:45c87c12f1f2ffeeb5927b",
        "android_client_info": {
          "package_name": "app.bigzbe.com"
        }
      },
      "oauth_client": [
        {
          "client_id": "598215006242-uvkg317m65ekd2ghg08avevnrisa6hfr.apps.googleusercontent.com",
          "client_type": 3
        }
      ],
      "api_key": [
        {
          "current_key": "AIzaSyDtFwk-CH20HfE1P9_9upN99F6TKv2qtOk"
        }
      ],
      "services": {
        "appinvite_service": {
          "other_platform_oauth_client": [
            {
              "client_id": "598215006242-uvkg317m65ekd2ghg08avevnrisa6hfr.apps.googleusercontent.com",
              "client_type": 3
            }
          ]
        }
      }
    }
  ],
  "configuration_version": "1"
}